<?xml version='1.0'?>
<home version='7200' exportFlags='17' name='cumpeo2.sh3d' camera='topCamera' selectedLevel='level-72079680-07e0-4c05-82d4-c3d5327749ea' wallHeight='250.0'>
  <environment groundColor='00A8A8A8' skyColor='00CCE4FC' lightColor='00D0D0D0' allLevelsVisible='true'/>
  <observerCamera attribute='observerCamera' lens='PINHOLE' x='-1643.9854' y='-1292.132' z='170.0' yaw='5.4151483' pitch='0.067876175' fieldOfView='1.0995575' time='1699358400000' fixedSize='true'/>
  <camera attribute='topCamera' lens='PINHOLE' x='3693.5425' y='-2030.6626' z='861.62213' yaw='-200.2215' pitch='0.19000044' fieldOfView='1.0995575' time='1699358400000'/>
  <level id='level-0c7d29d0-0692-4270-a0f9-8b27c4fa9633' name='Nivel 0' elevation='0.0' floorThickness='162.0' height='244.0' elevationIndex='0'/>
  <level id='level-72079680-07e0-4c05-82d4-c3d5327749ea' name='Nivel 1-Dim' elevation='0.0' floorThickness='162.0' height='244.0' elevationIndex='1'/>
  <level id='level-f481334e-b12f-4232-b96b-6adb6538b7b3' name='Nivel 2' elevation='406.0' floorThickness='162.0' height='244.0' elevationIndex='0'/>
  <level id='level-fbd7e047-8fd3-4153-82c3-9c6c710cc74e' name='Nivel 3' elevation='812.0' floorThickness='162.0' height='244.0' elevationIndex='0'/>
  <doorOrWindow level='level-0c7d29d0-0692-4270-a0f9-8b27c4fa9633' catalogId='eTeks#frenchWindow85x200' name='Ventana Francesa' creator='eTeks' model='1' x='325.7901' y='-499.60898' elevation='122.0' angle='3.1415927' width='80.0' depth='15.09675' height='122.0' modelSize='9824' movable='false' cutOutShape='M0,0 v1 h1 v-1 z' wallCutOutOnBothSides='true'/>
  <doorOrWindow level='level-0c7d29d0-0692-4270-a0f9-8b27c4fa9633' catalogId='eTeks#door' name='Puerta' creator='eTeks' model='3' x='478.71353' y='-378.89725' angle='1.5707964' width='80.0' depth='21.46075' height='208.5' modelSize='14086' movable='false' cutOutShape='M0,0 v1 h1 v-1 z' wallCutOutOnBothSides='true'/>
  <doorOrWindow level='level-0c7d29d0-0692-4270-a0f9-8b27c4fa9633' catalogId='eTeks#door' name='Puerta' creator='eTeks' model='3' x='326.5536' y='-322.12485' width='80.0' depth='21.46075' height='244.0' modelSize='14086' movable='false' cutOutShape='M0,0 v1 h1 v-1 z' wallCutOutOnBothSides='true'/>
  <doorOrWindow level='level-0c7d29d0-0692-4270-a0f9-8b27c4fa9633' catalogId='eTeks#window85x163' name='Ventana' creator='eTeks' model='5' x='484.5433' y='-168.00652' elevation='130.0' angle='4.712389' width='200.0' depth='15.09675' height='50.0' modelSize='8910' movable='false' cutOutShape='M0,0 v1 h1 v-1 z' wallCutOutOnBothSides='true'/>
  <doorOrWindow level='level-0c7d29d0-0692-4270-a0f9-8b27c4fa9633' catalogId='eTeks#sliderWindow126x200' name='Ventana corredera' creator='eTeks' model='7' x='481.11902' y='538.75977' angle='1.5707964' width='350.0' depth='13.98675' height='230.0' modelSize='7950' movable='false' cutOutShape='M0,0 v1 h1 v-1 z' wallCutOutOnBothSides='true'/>
  <doorOrWindow level='level-0c7d29d0-0692-4270-a0f9-8b27c4fa9633' catalogId='eTeks#window85x163' name='Ventana' creator='eTeks' model='5' x='7.62476' y='1097.6141' elevation='50.0' angle='4.712389' width='50.0' depth='15.09675' height='150.0' modelSize='8910' movable='false' cutOutShape='M0,0 v1 h1 v-1 z' wallCutOutOnBothSides='true'/>
  <doorOrWindow level='level-0c7d29d0-0692-4270-a0f9-8b27c4fa9633' catalogId='eTeks#frontDoor' name='Puerta de Entrada' creator='eTeks' model='9' x='140.32228' y='864.7423' angle='4.712389' width='101.5' depth='14.184084' height='208.5' modelSize='24179' movable='false' cutOutShape='M0,0 v1 h1 v-1 z' wallCutOutOnBothSides='true'/>
  <doorOrWindow level='level-0c7d29d0-0692-4270-a0f9-8b27c4fa9633' catalogId='eTeks#door' name='Puerta' creator='eTeks' model='3' x='367.99588' y='1120.4255' angle='1.5707964' width='80.0' depth='21.46075' height='208.5' modelSize='14086' movable='false' cutOutShape='M0,0 v1 h1 v-1 z' wallCutOutOnBothSides='true'/>
  <doorOrWindow level='level-0c7d29d0-0692-4270-a0f9-8b27c4fa9633' catalogId='eTeks#window85x163' name='Ventana' creator='eTeks' model='5' x='3.3096855' y='-366.31882' elevation='50.0' angle='1.5681773' width='50.0' depth='15.09675' height='150.0' modelSize='8910' movable='false' cutOutShape='M0,0 v1 h1 v-1 z' wallCutOutOnBothSides='true'/>
  <doorOrWindow level='level-0c7d29d0-0692-4270-a0f9-8b27c4fa9633' catalogId='eTeks#window85x163' name='Ventana' creator='eTeks' model='5' x='512.9111' y='780.83704' width='50.0' depth='15.09675' height='244.0' modelSize='8910' movable='false' cutOutShape='M0,0 v1 h1 v-1 z' wallCutOutOnBothSides='true'/>
  <doorOrWindow level='level-0c7d29d0-0692-4270-a0f9-8b27c4fa9633' catalogId='eTeks#window85x163' name='Ventana' creator='eTeks' model='5' x='439.16003' y='1168.4227' width='80.0' depth='15.09675' height='244.0' modelSize='8910' movable='false' cutOutShape='M0,0 v1 h1 v-1 z' wallCutOutOnBothSides='true'/>
  <doorOrWindow level='level-0c7d29d0-0692-4270-a0f9-8b27c4fa9633' catalogId='eTeks#window85x163' name='Ventana' creator='eTeks' model='5' x='964.5531' y='776.84094' elevation='150.0' angle='3.1415927' width='50.0' depth='15.09675' height='50.0' modelSize='8910' movable='false' cutOutShape='M0,0 v1 h1 v-1 z' wallCutOutOnBothSides='true'/>
  <doorOrWindow level='level-0c7d29d0-0692-4270-a0f9-8b27c4fa9633' catalogId='eTeks#window85x163' name='Ventana' creator='eTeks' model='5' x='2026.1349' y='1115.5249' angle='1.5707964' width='80.0' depth='15.09675' height='244.0' modelSize='8910' movable='false' cutOutShape='M0,0 v1 h1 v-1 z' wallCutOutOnBothSides='true'/>
  <doorOrWindow level='level-0c7d29d0-0692-4270-a0f9-8b27c4fa9633' catalogId='eTeks#window85x163' name='Ventana' creator='eTeks' model='5' x='1293.0815' y='1164.4269' angle='3.1415927' width='80.0' depth='15.09675' height='244.0' modelSize='8910' movable='false' cutOutShape='M0,0 v1 h1 v-1 z' wallCutOutOnBothSides='true'/>
  <doorOrWindow level='level-0c7d29d0-0692-4270-a0f9-8b27c4fa9633' catalogId='eTeks#door' name='Puerta' creator='eTeks' model='3' x='1364.4702' y='1115.6024' angle='4.712389' width='90.0' depth='21.46075' height='208.5' modelSize='14086' movable='false' cutOutShape='M0,0 v1 h1 v-1 z' wallCutOutOnBothSides='true'/>
  <doorOrWindow level='level-0c7d29d0-0692-4270-a0f9-8b27c4fa9633' catalogId='eTeks#door' name='Puerta' creator='eTeks' model='3' x='850.63904' y='1023.72894' angle='1.5707964' width='70.0' depth='21.46075' height='208.5' modelSize='14086' movable='false' cutOutShape='M0,0 v1 h1 v-1 z' wallCutOutOnBothSides='true'/>
  <doorOrWindow level='level-0c7d29d0-0692-4270-a0f9-8b27c4fa9633' catalogId='eTeks#door' name='Puerta' creator='eTeks' model='3' x='520.7714' y='946.47766' angle='3.1415927' width='65.0' depth='21.46075' height='208.5' modelSize='14086' movable='false' cutOutShape='M0,0 v1 h1 v-1 z' wallCutOutOnBothSides='true'/>
  <doorOrWindow level='level-72079680-07e0-4c05-82d4-c3d5327749ea' catalogId='eTeks#window85x163' name='Ventana' creator='eTeks' model='5' x='484.53394' y='144.5712' elevation='50.0' angle='4.712389' width='50.0' depth='15.09675' height='150.0' modelSize='8910' movable='false' cutOutShape='M0,0 v1 h1 v-1 z' wallCutOutOnBothSides='true'/>
  <doorOrWindow level='level-72079680-07e0-4c05-82d4-c3d5327749ea' catalogId='eTeks#window85x163' name='Ventana' creator='eTeks' model='5' x='7.096315' y='443.88065' elevation='50.0' angle='4.712389' width='50.0' depth='15.09675' height='150.0' modelSize='8910' movable='false' cutOutShape='M0,0 v1 h1 v-1 z' wallCutOutOnBothSides='true'/>
  <doorOrWindow level='level-72079680-07e0-4c05-82d4-c3d5327749ea' catalogId='eTeks#window85x163' name='Ventana' creator='eTeks' model='5' x='3.1003153' y='635.8801' elevation='50.0' angle='1.5707964' width='50.0' depth='15.09675' height='150.0' modelSize='8910' movable='false' cutOutShape='M0,0 v1 h1 v-1 z' wallCutOutOnBothSides='true'/>
  <doorOrWindow level='level-72079680-07e0-4c05-82d4-c3d5327749ea' catalogId='eTeks#window85x163' name='Ventana' creator='eTeks' model='5' x='788.22754' y='721.2167' elevation='100.0' width='120.0' depth='15.09675' height='100.0' modelSize='8910' movable='false' cutOutShape='M0,0 v1 h1 v-1 z' wallCutOutOnBothSides='true'/>
  <doorOrWindow level='level-72079680-07e0-4c05-82d4-c3d5327749ea' catalogId='eTeks#door' name='Puerta' creator='eTeks' model='3' x='964.2449' y='978.5115' angle='3.1415927' width='70.0' depth='21.46075' height='208.5' modelSize='14086' movable='false' cutOutShape='M0,0 v1 h1 v-1 z' wallCutOutOnBothSides='true'/>
  <doorOrWindow level='level-72079680-07e0-4c05-82d4-c3d5327749ea' catalogId='eTeks#window85x163' name='Ventana' creator='eTeks' model='5' x='1295.4263' y='721.2167' elevation='100.0' width='120.0' depth='15.09675' height='100.0' modelSize='8910' movable='false' cutOutShape='M0,0 v1 h1 v-1 z' wallCutOutOnBothSides='true'/>
  <doorOrWindow level='level-72079680-07e0-4c05-82d4-c3d5327749ea' catalogId='eTeks#door' name='Puerta' creator='eTeks' model='3' x='1076.1017' y='1023.46173' angle='4.712389' width='70.0' depth='21.46075' height='208.5' modelSize='14086' movable='false' cutOutShape='M0,0 v1 h1 v-1 z' wallCutOutOnBothSides='true'/>
  <doorOrWindow level='level-72079680-07e0-4c05-82d4-c3d5327749ea' catalogId='eTeks#window85x163' name='Ventana' creator='eTeks' model='5' x='1517.0854' y='776.84094' elevation='150.0' angle='3.1415927' width='50.0' depth='15.09675' height='50.0' modelSize='8910' movable='false' cutOutShape='M0,0 v1 h1 v-1 z' wallCutOutOnBothSides='true'/>
  <doorOrWindow level='level-72079680-07e0-4c05-82d4-c3d5327749ea' catalogId='eTeks#door' name='Puerta' creator='eTeks' model='3' x='1516.0658' y='1068.8065' width='80.0' depth='21.46075' height='208.5' modelSize='14086' movable='false' cutOutShape='M0,0 v1 h1 v-1 z' wallCutOutOnBothSides='true'/>
  <doorOrWindow level='level-72079680-07e0-4c05-82d4-c3d5327749ea' catalogId='eTeks#sliderWindow126x200' name='Ventana corredera' creator='eTeks' model='7' x='1850.4233' y='717.77563' elevation='11.0' angle='3.1415927' width='195.0' depth='13.98675' height='205.0' modelSize='7950' movable='false' cutOutShape='M0,0 v1 h1 v-1 z' wallCutOutOnBothSides='true'/>
  <doorOrWindow level='level-72079680-07e0-4c05-82d4-c3d5327749ea' catalogId='eTeks#window85x163' name='Ventana' creator='eTeks' model='5' x='660.4028' y='1164.4269' angle='3.1415927' width='80.0' depth='15.09675' height='244.0' modelSize='8910' movable='false' cutOutShape='M0,0 v1 h1 v-1 z' wallCutOutOnBothSides='true'/>
  <doorOrWindow level='level-72079680-07e0-4c05-82d4-c3d5327749ea' catalogId='eTeks#window85x163' name='Ventana' creator='eTeks' model='5' x='865.68604' y='1168.4227' width='80.0' depth='15.09675' height='244.0' modelSize='8910' movable='false' cutOutShape='M0,0 v1 h1 v-1 z' wallCutOutOnBothSides='true'/>
  <doorOrWindow level='level-72079680-07e0-4c05-82d4-c3d5327749ea' catalogId='eTeks#window85x163' name='Ventana' creator='eTeks' model='5' x='1070.4121' y='1164.4269' angle='3.1415927' width='80.0' depth='15.09675' height='244.0' modelSize='8910' movable='false' cutOutShape='M0,0 v1 h1 v-1 z' wallCutOutOnBothSides='true'/>
  <doorOrWindow level='level-72079680-07e0-4c05-82d4-c3d5327749ea' catalogId='eTeks#window85x163' name='Ventana' creator='eTeks' model='5' x='62.580616' y='146.9711' elevation='50.0' angle='1.5707964' width='50.0' depth='15.09675' height='150.0' modelSize='8910' movable='false' cutOutShape='M0,0 v1 h1 v-1 z' wallCutOutOnBothSides='true'/>
  <doorOrWindow level='level-72079680-07e0-4c05-82d4-c3d5327749ea' catalogId='eTeks#window85x163' name='Ventana' creator='eTeks' model='5' x='1516.6855' y='780.8369' elevation='80.0' width='50.0' depth='15.09675' height='50.0' modelSize='8910' movable='false' cutOutShape='M0,0 v1 h1 v-1 z' wallCutOutOnBothSides='true'/>
  <doorOrWindow level='level-72079680-07e0-4c05-82d4-c3d5327749ea' catalogId='eTeks#window85x163' name='Ventana' creator='eTeks' model='5' x='7.096315' y='536.6807' elevation='50.0' angle='4.712389' width='50.0' depth='15.09675' height='150.0' modelSize='8910' movable='false' cutOutShape='M0,0 v1 h1 v-1 z' wallCutOutOnBothSides='true'/>
  <wall id='wall-8beb88f6-cb20-4874-bae5-016aaf0b2f9e' level='level-0c7d29d0-0692-4270-a0f9-8b27c4fa9633' xStart='1366.1835' yStart='1238.6199' xEnd='2033.5189' yEnd='1238.6199' height='244.0' thickness='11.1' pattern='foreground' leftSideColor='FFFBFBFB' rightSideColor='FFFBFBFB'/>
  <wall id='wall-f0c7c8d1-f710-49d7-88b8-ea3e0153c910' level='level-0c7d29d0-0692-4270-a0f9-8b27c4fa9633' xStart='378.48428' yStart='1166.4248' xEnd='1366.9242' yEnd='1166.4248' height='244.0' thickness='11.1' pattern='foreground' leftSideColor='FFFBFBFB' rightSideColor='FFFBFBFB'/>
  <wall id='wall-ec9f4141-a86b-470e-8175-abf20ba8b020' level='level-72079680-07e0-4c05-82d4-c3d5327749ea' xStart='64.57861' yStart='-3.9173577' xEnd='64.57861' yEnd='296.08258' height='244.0' thickness='11.1' pattern='foreground' leftSideColor='FFFBFBFB' rightSideColor='FFFBFBFB'/>
  <wall id='wall-dc6307de-615d-49c6-aefa-20003c717c65' level='level-72079680-07e0-4c05-82d4-c3d5327749ea' xStart='132.56313' yStart='301.64706' xEnd='10.563195' yEnd='301.64706' height='340.0' thickness='11.1' pattern='foreground' leftSideColor='FFFBFBFB' rightSideColor='FFFBFBFB'/>
  <wall id='wall-69c3a468-a99d-4557-8d70-c88bfa61c644' level='level-72079680-07e0-4c05-82d4-c3d5327749ea' xStart='5.403391' yStart='-491.99704' xEnd='5.403391' yEnd='-3.9970398' height='244.0' thickness='11.1' pattern='foreground' leftSideColor='FFFBFBFB' rightSideColor='FFFBFBFB'/>
  <wall id='wall-3e2b0aa6-b14e-4d7f-bb3b-07e9bb9b4312' level='level-72079680-07e0-4c05-82d4-c3d5327749ea' xStart='9.465802' yStart='-325.8248' xEnd='476.78482' yEnd='-325.8248' height='244.0' thickness='11.1' pattern='foreground' leftSideColor='FFFBFBFB' rightSideColor='FFFBFBFB'/>
  <wall id='wall-9debd69f-a713-4bcc-bd2e-cac456c2a91f' level='level-72079680-07e0-4c05-82d4-c3d5327749ea' xStart='138.78062' yStart='783.18616' xEnd='138.78062' yEnd='944.11255' height='270.0' thickness='11.1' pattern='foreground' leftSideColor='FFFBFBFB' rightSideColor='FFFBFBFB'/>
  <wall id='wall-5bf0cd11-5709-4bb5-8f0a-565e5df35dcb' level='level-72079680-07e0-4c05-82d4-c3d5327749ea' xStart='396.78482' yStart='-9.481888' xEnd='476.78482' yEnd='-9.481888' height='244.0' thickness='11.1' pattern='foreground' leftSideColor='FFFBFBFB' rightSideColor='FFFBFBFB'/>
  <wall id='wall-41651e1c-ae80-4b08-92f1-2f01bdf53ed7' level='level-72079680-07e0-4c05-82d4-c3d5327749ea' xStart='5.098315' yStart='296.05655' xEnd='5.098315' yEnd='784.05743' height='340.0' thickness='11.1' pattern='foreground' leftSideColor='FFFBFBFB' rightSideColor='FFFBFBFB'/>
  <wall id='wall-035eb587-4253-46c2-9bc4-a19f405e282a' level='level-72079680-07e0-4c05-82d4-c3d5327749ea' xStart='5.6250634' yStart='944.11255' xEnd='5.6250634' yEnd='1244.1097' height='244.0' thickness='11.1' pattern='foreground' leftSideColor='FFFBFBFB' rightSideColor='FFFBFBFB'/>
  <wall id='wall-343c7cc1-c094-48f0-9b0e-7d135dbb4663' level='level-72079680-07e0-4c05-82d4-c3d5327749ea' xStart='371.5478' yStart='1232.581' xEnd='371.5478' yEnd='955.75476' height='244.0' thickness='11.1' pattern='foreground' leftSideColor='FFFBFBFB' rightSideColor='FFFBFBFB'/>
  <wall id='wall-fc3e6161-f946-4226-9537-1c8b7e4b43f0' level='level-72079680-07e0-4c05-82d4-c3d5327749ea' xStart='2027.5405' yStart='1233.9144' xEnd='2027.5405' yEnd='724.1214' height='244.0' thickness='11.1' pattern='foreground' leftSideColor='FFFBFBFB' rightSideColor='FFFBFBFB'/>
  <wall id='wall-51ef35fa-47c7-42f3-8ee2-f5739d186604' level='level-72079680-07e0-4c05-82d4-c3d5327749ea' xStart='487.97745' yStart='950.34204' xEnd='616.28815' yEnd='950.34204' height='244.0' thickness='11.1' pattern='foreground' leftSideColor='FFFBFBFB' rightSideColor='FFFBFBFB'/>
  <wall id='wall-d08d06d7-7d0e-4d6d-9bb6-c10144bc9077' level='level-72079680-07e0-4c05-82d4-c3d5327749ea' xStart='487.97745' yStart='778.8389' xEnd='616.28815' yEnd='778.8389' height='244.0' thickness='11.1' pattern='foreground' leftSideColor='FFFBFBFB' rightSideColor='FFFBFBFB'/>
  <wall id='wall-4c98911d-07fc-4f21-b4ce-0ee3d3bc1eff' level='level-72079680-07e0-4c05-82d4-c3d5327749ea' xStart='11.151028' yStart='1238.4525' xEnd='377.15094' yEnd='1238.4525' height='244.0' thickness='11.1' pattern='foreground' leftSideColor='FFFBFBFB' rightSideColor='FFFBFBFB'/>
  <wall id='wall-f954cf23-2ca4-430a-a5f5-2b0a3e36732a' level='level-72079680-07e0-4c05-82d4-c3d5327749ea' xStart='621.6301' yStart='724.1214' xEnd='621.6301' yEnd='1059.1215' height='244.0' thickness='11.1' pattern='foreground' leftSideColor='FFFBFBFB' rightSideColor='FFFBFBFB'/>
  <wall id='wall-2b946a27-3f2c-46b7-844e-b398d3a58f1b' level='level-72079680-07e0-4c05-82d4-c3d5327749ea' xStart='560.117' yStart='1064.573' xEnd='860.117' yEnd='1064.573' height='244.0' thickness='11.1' pattern='foreground' leftSideColor='FFFBFBFB' rightSideColor='FFFBFBFB'/>
  <wall id='wall-2968b5af-73b4-436c-b375-1d21178ca88b' level='level-72079680-07e0-4c05-82d4-c3d5327749ea' xStart='-0.28593254' yStart='-497.61096' xEnd='487.71408' yEnd='-497.61096' height='244.0' thickness='11.1' pattern='foreground' leftSideColor='FFFBFBFB' rightSideColor='FFFBFBFB'/>
  <wall id='wall-395cc69f-20db-42a5-ad69-ce70f07554d1' level='level-72079680-07e0-4c05-82d4-c3d5327749ea' xStart='11.072006' yStart='-9.610943' xEnd='133.072' yEnd='-9.610943' height='244.0' thickness='11.1' pattern='foreground' leftSideColor='FFFBFBFB' rightSideColor='FFFBFBFB'/>
  <wall id='wall-b69abd78-a719-4657-ad63-852afbb0ce8c' level='level-72079680-07e0-4c05-82d4-c3d5327749ea' xStart='616.117' yStart='719.2187' xEnd='860.117' yEnd='719.2187' height='244.0' thickness='11.1' pattern='foreground' leftSideColor='FFFBFBFB' rightSideColor='FFFBFBFB'/>
  <wall id='wall-fdc43ad1-4798-44fb-b59d-8fb428a191c6' level='level-72079680-07e0-4c05-82d4-c3d5327749ea' xStart='854.5365' yStart='724.9785' xEnd='854.5365' yEnd='1059.9785' height='244.0' thickness='11.1' pattern='foreground' leftSideColor='FFFBFBFB' rightSideColor='FFFBFBFB'/>
  <wall id='wall-1c408d06-00fd-4520-a902-7e0283b4c032' level='level-72079680-07e0-4c05-82d4-c3d5327749ea' xStart='773.32544' yStart='1065.1067' xEnd='773.32544' yEnd='1000.0944' height='244.0' thickness='11.1' pattern='foreground' leftSideColor='FFFBFBFB' rightSideColor='FFFBFBFB'/>
  <wall id='wall-4a3d14a0-cc9f-4702-80b2-0d9d50a89806' level='level-72079680-07e0-4c05-82d4-c3d5327749ea' xStart='860.117' yStart='778.8389' xEnd='1066.117' yEnd='778.8389' height='244.0' thickness='11.1' pattern='foreground' leftSideColor='FFFBFBFB' rightSideColor='FFFBFBFB'/>
  <wall id='wall-a9a6bc50-f191-4299-a14a-f75d8c30a011' level='level-72079680-07e0-4c05-82d4-c3d5327749ea' xStart='1072.0563' yStart='725.18604' xEnd='1072.0563' yEnd='1060.186' height='244.0' thickness='11.1' pattern='foreground' leftSideColor='FFFBFBFB' rightSideColor='FFFBFBFB'/>
  <wall id='wall-98e8d215-ae8c-4f7b-af1c-da36cdccbd39' level='level-72079680-07e0-4c05-82d4-c3d5327749ea' xStart='1066.4564' yStart='719.2187' xEnd='1366.4564' yEnd='719.2187' height='244.0' thickness='11.1' pattern='foreground' leftSideColor='FFFBFBFB' rightSideColor='FFFBFBFB'/>
  <wall id='wall-2ed87114-ff3c-4f96-9cde-d7aa1a47fb0c' level='level-72079680-07e0-4c05-82d4-c3d5327749ea' xStart='1066.3379' yStart='1065.1066' xEnd='1678.3379' yEnd='1065.1066' height='244.0' thickness='11.1' pattern='foreground' leftSideColor='FFFBFBFB' rightSideColor='FFFBFBFB'/>
  <wall id='wall-3866e9e1-688d-47b1-8b1a-d77f2ff91474' level='level-72079680-07e0-4c05-82d4-c3d5327749ea' xStart='860.117' yStart='982.2114' xEnd='1073.439' yEnd='982.2114' height='244.0' thickness='11.1' pattern='foreground' leftSideColor='FFFBFBFB' rightSideColor='FFFBFBFB'/>
  <wall id='wall-7e9a20dc-e7d7-4893-a2d6-9ef039a9bc4c' level='level-72079680-07e0-4c05-82d4-c3d5327749ea' xStart='1157.0576' yStart='1065.1066' xEnd='1157.0576' yEnd='1000.0944' height='244.0' thickness='11.1' pattern='foreground' leftSideColor='FFFBFBFB' rightSideColor='FFFBFBFB'/>
  <wall id='wall-d149c9f2-d60d-4b8f-b88c-a8d83788b6e3' level='level-72079680-07e0-4c05-82d4-c3d5327749ea' xStart='1361.0736' yStart='725.06744' xEnd='1361.0736' yEnd='1244.1097' height='244.0' thickness='11.1' pattern='foreground' leftSideColor='FFFBFBFB' rightSideColor='FFFBFBFB'/>
  <wall id='wall-79847038-cf1d-47ca-a300-fd74749cd529' level='level-72079680-07e0-4c05-82d4-c3d5327749ea' xStart='1366.9242' yStart='778.8389' xEnd='1666.9242' yEnd='778.8389' height='244.0' thickness='11.1' pattern='foreground' leftSideColor='FFFBFBFB' rightSideColor='FFFBFBFB'/>
  <wall id='wall-32646bdb-5a88-4fe9-80fc-0c785e3fca92' level='level-72079680-07e0-4c05-82d4-c3d5327749ea' xStart='1673.1428' yStart='724.71173' xEnd='1673.1428' yEnd='1059.7117' height='244.0' thickness='11.1' pattern='foreground' leftSideColor='FFFBFBFB' rightSideColor='FFFBFBFB'/>
  <wall id='wall-d5095980-f6ea-4412-810e-51272dc976a9' level='level-72079680-07e0-4c05-82d4-c3d5327749ea' xStart='1667.5168' yStart='719.2186' xEnd='2033.5189' yEnd='719.2186' height='244.0' thickness='11.1' pattern='foreground' leftSideColor='FFFBFBFB' rightSideColor='FFFBFBFB'/>
  <wall id='wall-b85faeda-632a-4ea6-83ca-109b54b46904' level='level-72079680-07e0-4c05-82d4-c3d5327749ea' wallAtStart='wall-15c5c287-75a4-4af5-8ae6-1f2c16a1c757' xStart='482.53592' yStart='296.05655' xEnd='482.53595' yEnd='-503.99704' height='244.0' thickness='11.1' pattern='foreground' leftSideColor='FFFBFBFB' rightSideColor='FFFBFBFB'/>
  <wall id='wall-15c5c287-75a4-4af5-8ae6-1f2c16a1c757' level='level-72079680-07e0-4c05-82d4-c3d5327749ea' wallAtStart='wall-b85faeda-632a-4ea6-83ca-109b54b46904' xStart='482.53592' yStart='296.05655' xEnd='482.5359' yEnd='772.75476' height='340.0' thickness='11.1' pattern='foreground' leftSideColor='FFFBFBFB' rightSideColor='FFFBFBFB'/>
  <wall id='wall-b0d2694a-4c8d-40f7-99c6-b342c3cc41bd' level='level-72079680-07e0-4c05-82d4-c3d5327749ea' xStart='487.97745' yStart='778.8529' xEnd='416.78482' yEnd='778.8529' height='340.0' thickness='11.1' pattern='foreground' leftSideColor='FFFBFBFB' rightSideColor='FFFBFBFB'/>
  <wall id='wall-446bd846-8c99-405d-9b31-d08f07a2a34a' level='level-0c7d29d0-0692-4270-a0f9-8b27c4fa9633' wallAtEnd='wall-29b626d3-207a-4c8f-a215-d7fb0348e3c1' xStart='11.072006' yStart='949.7303' xEnd='171.22508' yEnd='949.7303' height='270.0' thickness='11.1' pattern='foreground' leftSideColor='FFFBFBFB' rightSideColor='FFFBFBFB'/>
  <wall id='wall-29b626d3-207a-4c8f-a215-d7fb0348e3c1' level='level-0c7d29d0-0692-4270-a0f9-8b27c4fa9633' wallAtStart='wall-446bd846-8c99-405d-9b31-d08f07a2a34a' xStart='171.22508' yStart='949.7303' xEnd='377.07196' yEnd='949.7303' height='270.0' thickness='11.1' pattern='foreground'/>
  <wall id='wall-b7c1c962-250e-418b-954f-12fa77c41d75' level='level-72079680-07e0-4c05-82d4-c3d5327749ea' wallAtEnd='wall-4ce3d1ba-0424-4aa4-92d2-02fd5190bfa1' xStart='482.53595' yStart='772.75476' xEnd='482.53595' yEnd='778.8529' height='270.0' thickness='11.1' pattern='foreground'/>
  <wall id='wall-4ce3d1ba-0424-4aa4-92d2-02fd5190bfa1' level='level-72079680-07e0-4c05-82d4-c3d5327749ea' wallAtStart='wall-b7c1c962-250e-418b-954f-12fa77c41d75' xStart='482.53595' yStart='778.8529' xEnd='482.53595' yEnd='955.75476' height='270.0' thickness='11.1' pattern='foreground' leftSideColor='FFFBFBFB' rightSideColor='FFFBFBFB'/>
  <wall id='wall-ad90706a-4f68-4ac7-830b-ef28c71ac61d' level='level-72079680-07e0-4c05-82d4-c3d5327749ea' wallAtEnd='wall-fc6dac92-60c8-4a53-a44d-97b26c68c3a0' xStart='10.870236' yStart='778.44385' xEnd='138.78062' yEnd='778.44385' height='340.0' thickness='11.1' pattern='foreground' leftSideColor='FFFBFBFB' rightSideColor='FFFBFBFB'/>
  <wall id='wall-fc6dac92-60c8-4a53-a44d-97b26c68c3a0' level='level-72079680-07e0-4c05-82d4-c3d5327749ea' wallAtStart='wall-ad90706a-4f68-4ac7-830b-ef28c71ac61d' xStart='138.78062' yStart='778.44385' xEnd='192.87024' yEnd='778.44385' height='340.0' thickness='11.1' pattern='foreground' leftSideColor='FFFBFBFB' rightSideColor='FFFBFBFB'/>
  <wall id='wall-d2ea8c0f-9b2e-4a81-9fe7-b32431d125b8' level='level-72079680-07e0-4c05-82d4-c3d5327749ea' xStart='1565.2943' yStart='1172.9915' xEnd='1565.2943' yEnd='1232.9915' height='244.0' thickness='11.1' pattern='foreground'/>
  <room id='room-0566dba2-9248-4b67-88ba-72ab2c11203d' level='level-72079680-07e0-4c05-82d4-c3d5327749ea' areaVisible='true' areaXOffset='3.5998535' areaYOffset='-90.0' floorColor='FFA4A4A4' ceilingVisible='false' ceilingFlat='true'>
    <point x='-0.28593445' y='-503.16095'/>
    <point x='487.7141' y='-503.16095'/>
    <point x='487.714' y='773.28894'/>
    <point x='616.08014' y='773.28894'/>
    <point x='616.117' y='713.6687'/>
    <point x='860.11707' y='713.6687'/>
    <point x='860.11707' y='773.28894'/>
    <point x='1067.8889' y='773.28894'/>
    <point x='1068.1158' y='713.6687'/>
    <point x='1366.9242' y='713.6687'/>
    <point x='1367.0189' y='773.28894'/>
    <point x='1666.9242' y='773.28894'/>
    <point x='1667.5168' y='713.66864'/>
    <point x='2033.5189' y='713.66864'/>
    <point x='2033.5189' y='1243.5773'/>
    <point x='1355.9188' y='1243.5773'/>
    <point x='1355.9188' y='1171.9749'/>
    <point x='377.15094' y='1171.9747'/>
    <point x='377.15094' y='1244.0026'/>
    <point x='0.07507324' y='1244.1097'/>
    <point x='0.07507324' y='944.11255'/>
    <point x='133.23062' y='944.11255'/>
    <point x='133.23062' y='783.99384'/>
    <point x='-0.45169067' y='784.05743'/>
    <point x='-0.45169067' y='296.05655'/>
    <point x='59.02861' y='296.08258'/>
    <point x='59.02861' y='-3.9173584'/>
    <point x='-0.14660645' y='-3.9173584'/>
    <point x='-0.28593445' y='-503.16095'/>
  </room>
  <room id='room-66c42e74-5341-4a96-89ad-c371a8998c5e' level='level-72079680-07e0-4c05-82d4-c3d5327749ea' name='hall' areaVisible='true' floorColor='FFC24D00' ceilingVisible='false' ceilingFlat='true'>
    <point x='-0.98513126' y='785.3922'/>
    <point x='476.4525' y='785.3922'/>
    <point x='476.4525' y='946.1263'/>
    <point x='-0.45838284' y='945.44684'/>
    <point x='-0.45839047' y='785.3922'/>
  </room>
  <room id='room-33f58d62-4045-4554-a05a-1df617d40e60' level='level-72079680-07e0-4c05-82d4-c3d5327749ea' areaVisible='true' floorColor='FFFFC5B2' ceilingVisible='false' ceilingFlat='true'>
    <point x='488.08594' y='-3.9318876'/>
    <point x='488.0859' y='713.6687'/>
    <point x='688.08594' y='713.6687'/>
    <point x='688.0859' y='-3.9318876'/>
  </room>
  <room id='room-bc0cb923-eea5-4ab9-a0d5-31c3f1f4099b' level='level-72079680-07e0-4c05-82d4-c3d5327749ea' areaVisible='true' floorColor='FFFFC5B2' ceilingVisible='false' ceilingFlat='true'>
    <point x='2033.5189' y='713.66864'/>
    <point x='2033.5189' y='603.16864'/>
    <point x='1667.5168' y='603.1687'/>
    <point x='1667.5168' y='713.66864'/>
    <point x='2033.5189' y='713.66864'/>
  </room>
</home>